{
  "correlated_replies": 250,
  "correlation": {
    "seconds": 0.02054930700251134,
    "tasks_per_sec": 12165.86038494862
  },
  "host": {
    "cpu": "x86_64",
    "platform": "Linux-6.17.0-35-generic-x86_64-with-glibc2.39",
    "python": "3.12.3"
  },
  "listing": {
    "seconds": 0.0002115640018018894,
    "tasks": 250,
    "tasks_per_sec": 1181675.5112909165
  },
  "push_delivery": {
    "deliveries": 250,
    "deliveries_per_sec": 12165.86038494862
  },
  "subscriber_count": 32,
  "subscriber_fanout": {
    "events": 32,
    "events_per_sec": 11192.368481305437,
    "seconds": 0.002859091000573244
  },
  "task_creation": {
    "seconds": 0.04644323599495692,
    "tasks_per_sec": 5382.9151790186725
  },
  "tasks": 250
}
